#菜单表
INSERT INTO SYS_MENU (ID, MENU_CODE, MENU_NAME, MENU_TYPE, MENU_INDEX, MENU_PATH, MENU_ICON, PARENT_ID, CREATED_BY, CREATED_TIME, UPDATED_BY, UPDATED_TIME, RANDOM_CODE, REVISION, DELETE_FLAG) VALUES (1, '1001', '用户管理', 'admin', 1, '/', 'aa', '0', 1, current_timestamp, 1, current_timestamp, '56279f8c16b44794a891e49d6f334ea3', 1, '0');
INSERT INTO SYS_MENU (ID, MENU_CODE, MENU_NAME, MENU_TYPE, MENU_INDEX, MENU_PATH, MENU_ICON, PARENT_ID, CREATED_BY, CREATED_TIME, UPDATED_BY, UPDATED_TIME, RANDOM_CODE, REVISION, DELETE_FLAG) VALUES (2, '1002', '角色管理', 'admin', 2, '/', 'bb', '0', 1, current_timestamp, 1, current_timestamp, '28279f8c16b44794a891e49d6f334ea3', 1, '0');
INSERT INTO SYS_MENU (ID, MENU_CODE, MENU_NAME, MENU_TYPE, MENU_INDEX, MENU_PATH, MENU_ICON, PARENT_ID, CREATED_BY, CREATED_TIME, UPDATED_BY, UPDATED_TIME, RANDOM_CODE, REVISION, DELETE_FLAG) VALUES (3, '1003', '权限管理', 'admin', 3, '/', 'cc', '0', 1, current_timestamp, 1, current_timestamp, '13be208b691e408a8397d53206a39cd6', 1, '0');
INSERT INTO SYS_MENU (ID, MENU_CODE, MENU_NAME, MENU_TYPE, MENU_INDEX, MENU_PATH, MENU_ICON, PARENT_ID, CREATED_BY, CREATED_TIME, UPDATED_BY, UPDATED_TIME, RANDOM_CODE, REVISION, DELETE_FLAG) VALUES (4, '1004', '菜单管理', 'admin', 4, '/', 'dd', '0', 1, current_timestamp, 1, current_timestamp, '091494062d884b78a175ba5f5eb83840', 1, '0');

#权限表
INSERT INTO SYS_PRIVILEGE (ID, PRIVILEGE_CODE, PRIVILEGE_NAME, PRIVILEGE_TYPE, ENTITY_TYPE, ENTITY_ID, REMARK, CREATED_BY, CREATED_TIME, UPDATED_BY, UPDATED_TIME, RANDOM_CODE, REVISION, DELETE_FLAG) VALUES (1, '1001', '用户管理', '', '', '', '', 1, current_timestamp, 1, current_timestamp, 'e53733002c434884b0baf6d0d7d1c6fa', 1, '0');
INSERT INTO SYS_PRIVILEGE (ID, PRIVILEGE_CODE, PRIVILEGE_NAME, PRIVILEGE_TYPE, ENTITY_TYPE, ENTITY_ID, REMARK, CREATED_BY, CREATED_TIME, UPDATED_BY, UPDATED_TIME, RANDOM_CODE, REVISION, DELETE_FLAG) VALUES (2, '1002', '角色管理', '', '', '', '', 1, current_timestamp, 1, current_timestamp, '60033f7a78c94107bfe8829538279304', 1, '0');
INSERT INTO SYS_PRIVILEGE (ID, PRIVILEGE_CODE, PRIVILEGE_NAME, PRIVILEGE_TYPE, ENTITY_TYPE, ENTITY_ID, REMARK, CREATED_BY, CREATED_TIME, UPDATED_BY, UPDATED_TIME, RANDOM_CODE, REVISION, DELETE_FLAG) VALUES (3, '1003', '权限管理', '', '', '', '', 1, current_timestamp, 1, current_timestamp, '1d77fff4d7454558b68696ed9dbff4b4', 1, '0');
INSERT INTO SYS_PRIVILEGE (ID, PRIVILEGE_CODE, PRIVILEGE_NAME, PRIVILEGE_TYPE, ENTITY_TYPE, ENTITY_ID, REMARK, CREATED_BY, CREATED_TIME, UPDATED_BY, UPDATED_TIME, RANDOM_CODE, REVISION, DELETE_FLAG) VALUES (4, '1004', '菜单管理', '', '', '', '', 1, current_timestamp, 1, current_timestamp, '5c73b00863df4a7f976e18e7fdfbedfa', 1, '0');

#角色表
INSERT INTO SYS_ROLE (ID, ROLE_CODE, ROLE_NAME, ROLE_TYPE, ROLE_STATUS, REMARK, CREATED_BY, CREATED_TIME, UPDATED_BY, UPDATED_TIME, RANDOM_CODE, REVISION, DELETE_FLAG) VALUES (1, '101', '超级管理员', 'admin', 1, '', 3, current_timestamp, 3, current_timestamp, 'a57bbc91dd5440d59329a5636ea87f8c', 1, '0');

#权限对应菜单
INSERT INTO SYS_PRIVILEGE_MENU (ID, PRIVILEGE_ID, MENU_ID, CREATED_BY, CREATED_TIME, UPDATED_BY, UPDATED_TIME, RANDOM_CODE, REVISION, DELETE_FLAG) VALUES (1, 1, 1, 1, current_timestamp, 1, current_timestamp, '310a43053cb54ad1804336677bfc4b1f', 1, '0');
INSERT INTO SYS_PRIVILEGE_MENU (ID, PRIVILEGE_ID, MENU_ID, CREATED_BY, CREATED_TIME, UPDATED_BY, UPDATED_TIME, RANDOM_CODE, REVISION, DELETE_FLAG) VALUES (2, 2, 2, 1, current_timestamp, 1, current_timestamp, '41159e15386a4fde95a1b06abb0348a6', 1, '0');
INSERT INTO SYS_PRIVILEGE_MENU (ID, PRIVILEGE_ID, MENU_ID, CREATED_BY, CREATED_TIME, UPDATED_BY, UPDATED_TIME, RANDOM_CODE, REVISION, DELETE_FLAG) VALUES (3, 3, 3, 1, current_timestamp, 1, current_timestamp, '01f67f138acb45318586eb7b0bd0b448', 1, '0');
INSERT INTO SYS_PRIVILEGE_MENU (ID, PRIVILEGE_ID, MENU_ID, CREATED_BY, CREATED_TIME, UPDATED_BY, UPDATED_TIME, RANDOM_CODE, REVISION, DELETE_FLAG) VALUES (4, 4, 4, 1, current_timestamp, 1, current_timestamp, 'e4e0820aed3c40fabb42a83198957b43', 1, '0');

#角色对应权限
INSERT INTO SYS_ROLE_PRIVILEGE (ID, ROLE_ID, PRIVILEGE_ID, CREATED_BY, CREATED_TIME, UPDATED_BY, UPDATED_TIME, RANDOM_CODE, REVISION, DELETE_FLAG) VALUES (1, 1, 1, 1, current_timestamp, 1, current_timestamp, '7f6e5cd22f1b4e518b92bbce751ddb4a', 1, '0');
INSERT INTO SYS_ROLE_PRIVILEGE (ID, ROLE_ID, PRIVILEGE_ID, CREATED_BY, CREATED_TIME, UPDATED_BY, UPDATED_TIME, RANDOM_CODE, REVISION, DELETE_FLAG) VALUES (2, 1, 2, 1, current_timestamp, 1, current_timestamp, 'f788838199db4dc5a6adcebad0560bae', 1, '0');
INSERT INTO SYS_ROLE_PRIVILEGE (ID, ROLE_ID, PRIVILEGE_ID, CREATED_BY, CREATED_TIME, UPDATED_BY, UPDATED_TIME, RANDOM_CODE, REVISION, DELETE_FLAG) VALUES (3, 1, 3, 1, current_timestamp, 1, current_timestamp, 'c6ba5b4b848647e184d5f06f1c73623d', 1, '0');
INSERT INTO SYS_ROLE_PRIVILEGE (ID, ROLE_ID, PRIVILEGE_ID, CREATED_BY, CREATED_TIME, UPDATED_BY, UPDATED_TIME, RANDOM_CODE, REVISION, DELETE_FLAG) VALUES (4, 1, 4, 1, current_timestamp, 1, current_timestamp, 'f86712fd78d349a4a75f3a0ec93609fb', 1, '0');

#用户(密码admin13579)
INSERT INTO SYS_USER (ID, USER_ACCOUNT, USER_PASSWORD, USER_TYPE, USER_NAME, EMAIL, PHONE, STATUS, CREATED_BY, CREATED_TIME, UPDATED_BY, UPDATED_TIME, RANDOM_CODE, REVISION, DELETE_FLAG) VALUES (1, 'admin', '$2a$10$lS3OC1.Y8mmHKYtqqm/BCuSlDGghVsTamsSzKa7b4CApiUV7zFmwS', 'admin', '平台管理员', '', '', 1, 1, current_timestamp, 1, current_timestamp, '4d0c38a093e047c5ad51f5d1baaf83a0', 1, '0');

#用户对应角色
INSERT INTO SYS_USER_ROLE (ID, USER_ID, ROLE_ID, CREATED_BY, CREATED_TIME, UPDATED_BY, UPDATED_TIME, RANDOM_CODE, REVISION, DELETE_FLAG) VALUES (1, 1, 1, 1, current_timestamp, 1, current_timestamp, '318c19ca621740cfabdd9aa3d8938edb', 1, '0');

commit;
